{
	"format_version": "1.8.0",
	"animations": {
		"Swim": {
			"loop": true,
			"animation_length": 2,
			"bones": {
				"Head": {
					"rotation": {
						"0.0": {
							"vector": [0, 7.5, 2.5]
						},
						"0.5": {
							"vector": [0, -7.5, -2.55]
						},
						"1.0": {
							"vector": [0, 7.5, 2.5]
						},
						"1.5": {
							"vector": [0, -7.5, -2.55]
						},
						"1.9583": {
							"vector": [0, 7.5, 2.5]
						}
					},
					"position": {
						"0.0": {
							"vector": [-0.19, 0, 0]
						},
						"0.5": {
							"vector": [0.19, 0, 0]
						},
						"1.0": {
							"vector": [-0.19, 0, 0]
						},
						"1.5": {
							"vector": [0.19, 0, 0]
						},
						"1.9583": {
							"vector": [-0.19, 0, 0]
						}
					}
				},
				"PectoralF1": {
					"rotation": {
						"0.0": {
							"vector": [0, -32.5, 0]
						},
						"0.5": {
							"vector": [0, -5, 0]
						},
						"1.0": {
							"vector": [0, -32.5, 0]
						},
						"1.5": {
							"vector": [0, -5, 0]
						},
						"1.9583": {
							"vector": [0, -32.5, 0]
						}
					},
					"position": {
						"0.0": {
							"vector": [-0.75, 0, -0.5]
						},
						"0.5": {
							"vector": [0.02, 0, 0]
						},
						"0.875": {
							"vector": [-0.62, 0, -0.41]
						},
						"1.0": {
							"vector": [-0.75, 0, -0.5]
						},
						"1.5": {
							"vector": [0.02, 0, 0]
						},
						"1.9583": {
							"vector": [-0.75, 0, -0.5]
						}
					}
				},
				"Body": {
					"rotation": {
						"0.0": {
							"vector": [-0.21865, 4.99523, -2.50954]
						},
						"0.5": {
							"vector": [-0.21865, -4.99523, 2.50954]
						},
						"1.0": {
							"vector": [-0.21865, 4.99523, -2.50954]
						},
						"1.5": {
							"vector": [-0.21865, -4.99523, 2.50954]
						},
						"1.9583": {
							"vector": [-0.21865, 4.99523, -2.50954]
						}
					},
					"position": {
						"0.0": {
							"vector": [0.2, 0, 0]
						},
						"0.5": {
							"vector": [-0.2, 0, 0]
						},
						"1.0": {
							"vector": [0.2, 0, 0]
						},
						"1.5": {
							"vector": [-0.2, 0, 0]
						},
						"1.9583": {
							"vector": [0.2, 0, 0]
						}
					}
				},
				"Tail": {
					"rotation": {
						"0.0": {
							"vector": [0, 12.5, 0]
						},
						"0.5": {
							"vector": [0, -12.5, 0]
						},
						"1.0": {
							"vector": [0, 12.5, 0]
						},
						"1.5": {
							"vector": [0, -12.5, 0]
						},
						"2.0": {
							"vector": [0, 12.5, 0]
						}
					}
				},
				"BottomF": {
					"rotation": {
						"0.0": {
							"vector": [0, 0, -3]
						},
						"0.5": {
							"vector": [0, 0, 3]
						},
						"1.0": {
							"vector": [0, 0, -3]
						},
						"1.5": {
							"vector": [0, 0, 3]
						},
						"1.9583": {
							"vector": [0, 0, -3]
						}
					},
					"position": {
						"0.0": {
							"vector": [0.35, 0, 0]
						},
						"0.5": {
							"vector": [-0.35, 0, 0]
						},
						"1.0": {
							"vector": [0.35, 0, 0]
						},
						"1.5": {
							"vector": [-0.35, 0, 0]
						},
						"1.9583": {
							"vector": [0.35, 0, 0]
						}
					}
				},
				"TailF": {
					"rotation": {
						"0.0": {
							"vector": [1.4084, 34.96953, 3.02515]
						},
						"0.5": {
							"vector": [1.4084, -34.96953, -3.02515]
						},
						"1.0": {
							"vector": [1.4084, 34.96953, 3.02515]
						},
						"1.5": {
							"vector": [1.4084, -34.96953, -3.02515]
						},
						"1.9583": {
							"vector": [1.50591, 34.9679, 3.18529]
						}
					},
					"position": {
						"0.0": {
							"vector": [-0.5, 0, 1]
						},
						"0.5": {
							"vector": [0.5, 0, 0.75]
						},
						"1.0": {
							"vector": [-0.5, 0, 1]
						},
						"1.5": {
							"vector": [0.5, 0, 0.75]
						},
						"1.9583": {
							"vector": [-0.5, 0, 1]
						}
					},
					"scale": {
						"0.0": {
							"vector": [1, 1, 0.74]
						},
						"1.9583": {
							"vector": [1, 1, 0.74]
						}
					}
				},
				"TopF": {
					"rotation": {
						"0.0": {
							"vector": [0.55404, 12.48791, 10.06062]
						},
						"0.5": {
							"vector": [-0.5, -12.5, -10]
						},
						"1.0": {
							"vector": [0.55404, 12.48791, 10.06062]
						},
						"1.5": {
							"vector": [-0.5, -12.5, -10]
						},
						"1.9583": {
							"vector": [0.55404, 12.48791, 10.06062]
						}
					},
					"position": {
						"0.0": {
							"vector": [-1.2, 0, 0]
						},
						"0.5": {
							"vector": [1.2, 0, 0]
						},
						"1.0": {
							"vector": [-1.2, 0, 0]
						},
						"1.5": {
							"vector": [1.2, 0, 0]
						},
						"1.9583": {
							"vector": [-1.2, 0, 0]
						}
					}
				},
				"PectoralF2": {
					"rotation": {
						"0.0": {
							"vector": [0, 40, 0]
						},
						"0.5": {
							"vector": [0, -10, 0]
						},
						"1.0": {
							"vector": [0, 40, 0]
						},
						"1.5": {
							"vector": [0, -10, 0]
						},
						"1.9583": {
							"vector": [0, 40, 0]
						}
					},
					"position": {
						"0.0": {
							"vector": [0.8, 0, 0]
						},
						"0.5": {
							"vector": [-0.25, 0, 0]
						},
						"1.0": {
							"vector": [0.8, 0, 0]
						},
						"1.5": {
							"vector": [-0.25, 0, 0]
						},
						"1.9583": {
							"vector": [0.8, 0, 0]
						}
					}
				}
			}
		},
		"Idle": {
			"loop": true,
			"animation_length": 5,
			"bones": {
				"Halfmoon": {
					"position": {
						"0.0": {
							"vector": [0, 0, 0]
						},
						"2.5": {
							"vector": [0, 0.25, 0]
						},
						"5.0": {
							"vector": [0, 0, 0]
						}
					}
				},
				"PectoralF1": {
					"rotation": {
						"0.0": {
							"vector": [0, 0, 0]
						},
						"1.0": {
							"vector": [0, -12.5, 0]
						},
						"2.0": {
							"vector": [0, 0, 0]
						},
						"3.0": {
							"vector": [0, -12.5, 0]
						},
						"4.0": {
							"vector": [0, 0, 0]
						},
						"4.5": {
							"vector": [0, -12.5, 0]
						},
						"4.9583": {
							"vector": [0, 0, 0]
						}
					},
					"position": {
						"0.0": {
							"vector": [-0.04, 0, 0]
						},
						"1.0": {
							"vector": [-0.25, 0, -0.25]
						},
						"2.0": {
							"vector": [-0.04, 0, 0]
						},
						"3.0": {
							"vector": [-0.25, 0, -0.25]
						},
						"4.0": {
							"vector": [-0.04, 0, 0]
						},
						"4.5": {
							"vector": [-0.25, 0, -0.25]
						},
						"4.9583": {
							"vector": [-0.04, 0, 0]
						}
					}
				},
				"PectoralF2": {
					"rotation": {
						"0.0": {
							"vector": [0, 0, 0]
						},
						"1.0": {
							"vector": [0, 12.5, 0]
						},
						"2.0": {
							"vector": [0, 0, 0]
						},
						"3.0": {
							"vector": [0, 12.5, 0]
						},
						"4.0": {
							"vector": [0, 0, 0]
						},
						"4.9583": {
							"vector": [0, 12.5, 0]
						}
					},
					"position": {
						"0.0": {
							"vector": [0, 0, 0]
						},
						"1.0": {
							"vector": [0.25, 0, 0]
						},
						"2.0": {
							"vector": [0, 0, 0]
						},
						"3.0": {
							"vector": [0.25, 0, 0]
						},
						"4.0": {
							"vector": [0, 0, 0]
						},
						"4.9583": {
							"vector": [0.25, 0, 0]
						}
					}
				},
				"Betta": {
					"position": {
						"0.0": {
							"vector": [0, 0, 0]
						},
						"2.5": {
							"vector": [0, 0.25, 0]
						},
						"5.0": {
							"vector": [0, 0, 0]
						}
					}
				},
				"TailF": {
					"rotation": {
						"0.0": {
							"vector": [0, -2.5, 0]
						},
						"2.0": {
							"vector": [0, 2.5, 0]
						},
						"3.4583": {
							"vector": [0, -2.5, 0]
						},
						"4.25": {
							"vector": [0, 2.5, 0]
						},
						"4.9583": {
							"vector": [0, -2.5, 0]
						}
					}
				}
			}
		},
		"Idle3": {
			"loop": true,
			"animation_length": 5,
			"bones": {
				"Halfmoon": {
					"position": {
						"0.0": {
							"vector": [0, 0, 0]
						},
						"2.0": {
							"vector": [0, 0.2, 0.5]
						},
						"4.9583": {
							"vector": [0, 0, 0]
						}
					}
				},
				"PectoralF1": {
					"rotation": {
						"0.0": {
							"vector": [0, 0, 0]
						},
						"1.0": {
							"vector": [0, -12.5, 0]
						},
						"2.0": {
							"vector": [0, 0, 0]
						},
						"3.0": {
							"vector": [0, -12.5, 0]
						},
						"4.0": {
							"vector": [0, 0, 0]
						},
						"4.5": {
							"vector": [0, -12.5, 0]
						},
						"4.9583": {
							"vector": [0, 0, 0]
						}
					},
					"position": {
						"0.0": {
							"vector": [-0.04, 0, 0]
						},
						"1.0": {
							"vector": [-0.25, 0, -0.25]
						},
						"2.0": {
							"vector": [-0.04, 0, 0]
						},
						"3.0": {
							"vector": [-0.25, 0, -0.25]
						},
						"4.0": {
							"vector": [-0.04, 0, 0]
						},
						"4.5": {
							"vector": [-0.25, 0, -0.25]
						},
						"4.9583": {
							"vector": [-0.04, 0, 0]
						}
					}
				},
				"PectoralF2": {
					"rotation": {
						"0.0": {
							"vector": [0, 0, 0]
						},
						"1.0": {
							"vector": [0, 12.5, 0]
						},
						"2.0": {
							"vector": [0, 0, 0]
						},
						"3.0": {
							"vector": [0, 12.5, 0]
						},
						"4.0": {
							"vector": [0, 0, 0]
						},
						"4.9583": {
							"vector": [0, 12.5, 0]
						}
					},
					"position": {
						"0.0": {
							"vector": [0, 0, 0]
						},
						"1.0": {
							"vector": [0.25, 0, 0]
						},
						"2.0": {
							"vector": [0, 0, 0]
						},
						"3.0": {
							"vector": [0.25, 0, 0]
						},
						"4.0": {
							"vector": [0, 0, 0]
						},
						"4.9583": {
							"vector": [0.25, 0, 0]
						}
					}
				},
				"Head": {
					"rotation": {
						"1.0": {
							"vector": [0, 0, 0]
						},
						"1.5": {
							"vector": [-2.52154, -7.49282, 0.32902]
						},
						"2.5": {
							"vector": [-5, 0, 0]
						},
						"4.0": {
							"vector": [0, 0, 0]
						}
					},
					"position": {
						"1.0": {
							"vector": [0, 0, 0]
						},
						"1.5": {
							"vector": [-0.25, 0, -0.25]
						},
						"2.5": {
							"vector": [0, 0, -0.5]
						},
						"4.0": {
							"vector": [0, 0, 0]
						}
					}
				},
				"Betta": {
					"position": {
						"0.0": {
							"vector": [0, 0, 0]
						},
						"2.0": {
							"vector": [0, 0.2, 0.5]
						},
						"4.9583": {
							"vector": [0, 0, 0]
						}
					}
				},
				"TailF": {
					"rotation": {
						"0.0": {
							"vector": [0, -2.5, 0]
						},
						"2.0": {
							"vector": [0, 2.5, 0]
						},
						"3.4583": {
							"vector": [0, -2.5, 0]
						},
						"4.25": {
							"vector": [0, 2.5, 0]
						},
						"4.9583": {
							"vector": [0, -2.5, 0]
						}
					}
				}
			}
		}
	},
	"geckolib_format_version": 2
}