{
	"credit": "Made with Blockbench",
	"textures": {
		"0": "Block Textures/Extra Items/bettabowl",
		"particle": "Block Textures/Extra Items/bettabowl"
	},
	"elements": [
		{
			"name": "emptybowl_0",
			"from": [2, 0, 3],
			"to": [14, 1, 4],
			"faces": {
				"north": {"uv": [14, 3, 2, 4], "texture": "#0"},
				"east": {"uv": [13, 3, 14, 4], "rotation": 90, "texture": "#0"},
				"south": {"uv": [2, 3, 14, 4], "texture": "#0"},
				"west": {"uv": [2, 3, 3, 4], "rotation": 270, "texture": "#0"},
				"up": {"uv": [2, 3, 14, 4], "texture": "#0"},
				"down": {"uv": [2, 4, 14, 3], "texture": "#0"}
			}
		},
		{
			"name": "emptybowl_1",
			"from": [3, 0, 4],
			"to": [13, 1, 14],
			"faces": {
				"north": {"uv": [13, 4, 3, 5], "texture": "#0"},
				"east": {"uv": [12, 4, 13, 14], "rotation": 90, "texture": "#0"},
				"south": {"uv": [3, 13, 13, 14], "texture": "#0"},
				"west": {"uv": [3, 4, 4, 14], "rotation": 270, "texture": "#0"},
				"up": {"uv": [3, 4, 13, 14], "texture": "#0"},
				"down": {"uv": [3, 14, 13, 4], "texture": "#0"}
			}
		},
		{
			"name": "emptybowl_2",
			"from": [2, 0, 5],
			"to": [3, 1, 14],
			"faces": {
				"north": {"uv": [3, 5, 2, 6], "texture": "#0"},
				"east": {"uv": [2, 5, 3, 14], "rotation": 90, "texture": "#0"},
				"south": {"uv": [2, 13, 3, 14], "texture": "#0"},
				"west": {"uv": [2, 5, 3, 14], "rotation": 270, "texture": "#0"},
				"up": {"uv": [2, 5, 3, 14], "texture": "#0"},
				"down": {"uv": [2, 14, 3, 5], "texture": "#0"}
			}
		},
		{
			"name": "emptybowl_3",
			"from": [13, 0, 5],
			"to": [14, 1, 14],
			"faces": {
				"north": {"uv": [14, 5, 13, 6], "texture": "#0"},
				"east": {"uv": [13, 5, 14, 14], "rotation": 90, "texture": "#0"},
				"south": {"uv": [13, 13, 14, 14], "texture": "#0"},
				"west": {"uv": [13, 5, 14, 14], "rotation": 270, "texture": "#0"},
				"up": {"uv": [13, 5, 14, 14], "texture": "#0"},
				"down": {"uv": [13, 14, 14, 5], "texture": "#0"}
			}
		},
		{
			"name": "emptybowl_4",
			"from": [1, 0, 6],
			"to": [2, 1, 13],
			"faces": {
				"north": {"uv": [2, 6, 1, 7], "texture": "#0"},
				"east": {"uv": [1, 6, 2, 13], "rotation": 90, "texture": "#0"},
				"south": {"uv": [1, 12, 2, 13], "texture": "#0"},
				"west": {"uv": [1, 6, 2, 13], "rotation": 270, "texture": "#0"},
				"up": {"uv": [1, 6, 2, 13], "texture": "#0"},
				"down": {"uv": [1, 13, 2, 6], "texture": "#0"}
			}
		},
		{
			"name": "emptybowl_5",
			"from": [14, 0, 6],
			"to": [15, 1, 13],
			"faces": {
				"north": {"uv": [15, 6, 14, 7], "texture": "#0"},
				"east": {"uv": [14, 6, 15, 13], "rotation": 90, "texture": "#0"},
				"south": {"uv": [14, 12, 15, 13], "texture": "#0"},
				"west": {"uv": [14, 6, 15, 13], "rotation": 270, "texture": "#0"},
				"up": {"uv": [14, 6, 15, 13], "texture": "#0"},
				"down": {"uv": [14, 13, 15, 6], "texture": "#0"}
			}
		}
	],
	"display": {
		"thirdperson_righthand": {
			"rotation": [90, 0, 0],
			"translation": [0, 2.5, 5],
			"scale": [0.55, 0.55, 0.55]
		},
		"thirdperson_lefthand": {
			"rotation": [90, 0, 0],
			"translation": [0, 1.75, 5],
			"scale": [0.55, 0.55, 0.55]
		},
		"firstperson_righthand": {
			"rotation": [90, 0, 0],
			"translation": [0, 2.5, 5],
			"scale": [0.55, 0.55, 0.55]
		},
		"firstperson_lefthand": {
			"rotation": [90, 0, 0],
			"translation": [0, 2.5, 5],
			"scale": [0.55, 0.55, 0.55]
		},
		"ground": {
			"rotation": [90, 0, 0],
			"translation": [0, 2.5, 5],
			"scale": [0.55, 0.55, 0.55]
		},
		"gui": {
			"rotation": [90, 0, 0],
			"translation": [0.25, 0.5, 5],
			"scale": [0.95, 0.95, 0.95]
		},
		"head": {
			"rotation": [90, 0, 0],
			"translation": [0, 11.75, 7.25],
			"scale": [0.95, 0.95, 0.95]
		},
		"fixed": {
			"rotation": [90, 0, 0],
			"translation": [0, 0.5, 7.75],
			"scale": [0.95, 0.95, 0.95]
		}
	},
	"groups": [
		{
			"name": "bettabowl",
			"origin": [8, 8, 8],
			"color": 0,
			"children": [0, 1, 2, 3, 4, 5]
		}
	]
}