{
	"credit": "Made with Blockbench",
	"texture_size": [32, 32],
	"textures": {
		"0": "GlassJar",
		"1": "JarLid",
		"2": "substrate",
		"3": "Mossball",
		"4": "mossbaljarwater",
		"particle": "GlassJar"
	},
	"elements": [
		{
			"from": [4, 0, 4],
			"to": [12, 0.25, 12],
			"faces": {
				"north": {"uv": [6, 2, 8, 2.25], "texture": "#0"},
				"east": {"uv": [6, 2.25, 8, 2.5], "texture": "#0"},
				"south": {"uv": [6, 2.5, 8, 2.75], "texture": "#0"},
				"west": {"uv": [6, 2.75, 8, 3], "texture": "#0"},
				"up": {"uv": [2, 2, 0, 0], "texture": "#0"},
				"down": {"uv": [2, 2, 0, 4], "texture": "#0"}
			}
		},
		{
			"from": [4, 0.25, 4],
			"to": [4.25, 8.5, 12],
			"faces": {
				"north": {"uv": [6, 3, 6.25, 5], "texture": "#0"},
				"east": {"uv": [2, 0, 4, 2], "texture": "#0"},
				"south": {"uv": [4, 6, 4.25, 8], "texture": "#0"},
				"west": {"uv": [2, 2, 4, 4], "texture": "#0"},
				"up": {"uv": [4.5, 8, 4.25, 6], "texture": "#0"},
				"down": {"uv": [4.75, 6, 4.5, 8], "texture": "#0"}
			}
		},
		{
			"from": [4.25, 0.25, 4],
			"to": [11.75, 8.5, 4.25],
			"faces": {
				"north": {"uv": [0, 4, 2, 6], "texture": "#0"},
				"east": {"uv": [4.75, 6, 5, 8], "texture": "#0"},
				"south": {"uv": [4, 0, 6, 2], "texture": "#0"},
				"west": {"uv": [5, 6, 5.25, 8], "texture": "#0"},
				"up": {"uv": [8, 5.25, 6, 5], "texture": "#0"},
				"down": {"uv": [7.25, 6, 5.25, 6.25], "texture": "#0"}
			}
		},
		{
			"from": [11.75, 0.25, 4],
			"to": [12, 8.5, 12],
			"faces": {
				"north": {"uv": [6.25, 3, 6.5, 5], "texture": "#0"},
				"east": {"uv": [2, 4, 4, 6], "texture": "#0"},
				"south": {"uv": [5.25, 6.25, 5.5, 8.25], "texture": "#0"},
				"west": {"uv": [4, 2, 6, 4], "texture": "#0"},
				"up": {"uv": [5.75, 8.25, 5.5, 6.25], "texture": "#0"},
				"down": {"uv": [6, 6.25, 5.75, 8.25], "texture": "#0"}
			}
		},
		{
			"from": [4.25, 0.25, 11.75],
			"to": [11.75, 8.5, 12],
			"faces": {
				"north": {"uv": [4, 4, 6, 6], "texture": "#0"},
				"east": {"uv": [6, 6.25, 6.25, 8.25], "texture": "#0"},
				"south": {"uv": [0, 6, 2, 8], "texture": "#0"},
				"west": {"uv": [6.25, 6.25, 6.5, 8.25], "texture": "#0"},
				"up": {"uv": [8, 5.5, 6, 5.25], "texture": "#0"},
				"down": {"uv": [8, 5.5, 6, 5.75], "texture": "#0"}
			}
		},
		{
			"from": [4.25, 8.25, 4.25],
			"to": [11.75, 9, 11.75],
			"faces": {
				"north": {"uv": [8, 0, 15.5, 0.75], "texture": "#1"},
				"east": {"uv": [8, 1, 15.5, 1.75], "texture": "#1"},
				"south": {"uv": [8, 2, 15.5, 2.75], "texture": "#1"},
				"west": {"uv": [8, 3, 15.5, 3.75], "texture": "#1"},
				"up": {"uv": [7.5, 7.5, 0, 0], "texture": "#1"},
				"down": {"uv": [7.5, 8, 0, 15.5], "texture": "#1"}
			}
		},
		{
			"from": [4.25, 0.25, 4.25],
			"to": [11.75, 0.5, 11.75],
			"faces": {
				"north": {"uv": [0, 0, 7.5, 0.25], "texture": "#2"},
				"east": {"uv": [0, 0, 7.5, 0.25], "texture": "#2"},
				"south": {"uv": [0, 0, 7.5, 0.25], "texture": "#2"},
				"west": {"uv": [0, 0, 7.5, 0.25], "texture": "#2"},
				"up": {"uv": [0, 0, 7.5, 7.5], "texture": "#2"},
				"down": {"uv": [0, 0, 7.5, 7.5], "texture": "#2"}
			}
		},
		{
			"from": [8, 0.5, 7.5],
			"to": [10, 2.5, 9.5],
			"faces": {
				"north": {"uv": [8, 0, 10, 2], "texture": "#3"},
				"east": {"uv": [8, 2, 10, 4], "texture": "#3"},
				"south": {"uv": [8, 4, 10, 6], "texture": "#3"},
				"west": {"uv": [8, 6, 10, 8], "texture": "#3"},
				"up": {"uv": [10, 10, 8, 8], "texture": "#3"},
				"down": {"uv": [6, 9, 4, 11], "texture": "#3"}
			}
		},
		{
			"from": [5.75, 0.5, 5.25],
			"to": [9, 3.5, 8.5],
			"faces": {
				"north": {"uv": [4, 0, 7.25, 3], "texture": "#3"},
				"east": {"uv": [4, 3, 7.25, 6], "texture": "#3"},
				"south": {"uv": [4, 6, 7.25, 9], "texture": "#3"},
				"west": {"uv": [0, 8, 3.25, 11], "texture": "#3"},
				"up": {"uv": [3.25, 3.25, 0, 0], "texture": "#3"},
				"down": {"uv": [3.25, 4, 0, 7.25], "texture": "#3"}
			}
		},
		{
			"from": [9.5, 0.5, 7],
			"to": [10.75, 1.5, 8.25],
			"faces": {
				"north": {"uv": [0, 11, 1.25, 12], "texture": "#3"},
				"east": {"uv": [2, 11, 3.25, 12], "texture": "#3"},
				"south": {"uv": [4, 11, 5.25, 12], "texture": "#3"},
				"west": {"uv": [6, 11, 7.25, 12], "texture": "#3"},
				"up": {"uv": [7.25, 10.25, 6, 9], "texture": "#3"},
				"down": {"uv": [11.25, 0, 10, 1.25], "texture": "#3"}
			}
		},
		{
			"from": [4.25, 0.5, 4.25],
			"to": [11.75, 7.5, 11.75],
			"faces": {
				"north": {"uv": [4, 0, 8, 3.5], "texture": "#4"},
				"east": {"uv": [4, 3.5, 8, 7], "texture": "#4"},
				"south": {"uv": [4, 7, 8, 10.5], "texture": "#4"},
				"west": {"uv": [0, 8, 4, 11.5], "texture": "#4"},
				"up": {"uv": [4, 4, 0, 0], "texture": "#4"},
				"down": {"uv": [4, 4, 0, 8], "texture": "#4"}
			}
		},
		{
			"from": [8.25, 0.5, 9.5],
			"to": [9.5, 1.75, 10.75],
			"faces": {
				"north": {"uv": [10, 2, 11.25, 3.25], "texture": "#3"},
				"east": {"uv": [10, 4, 11.25, 5.25], "texture": "#3"},
				"south": {"uv": [10, 6, 11.25, 7.25], "texture": "#3"},
				"west": {"uv": [8, 10, 9.25, 11.25], "texture": "#3"},
				"up": {"uv": [11.25, 9.25, 10, 8], "texture": "#3"},
				"down": {"uv": [11.25, 10, 10, 11.25], "texture": "#3"}
			}
		}
	],
	"groups": [
		{
			"name": "Jar",
			"origin": [0, 0, 0],
			"color": 0,
			"children": [0, 1, 2, 3, 4]
		},
		{
			"name": "Lid",
			"origin": [8, 8, 8],
			"color": 0,
			"children": [5]
		},
		{
			"name": "Substrate",
			"origin": [8, 8, 8],
			"color": 0,
			"children": [6]
		},
		{
			"name": "Mossballs",
			"origin": [8, 8, 8],
			"color": 0,
			"children": [7, 8, 9, 10, 11]
		}
	]
}