{
	"credit": "Made with Blockbench",
	"textures": {
		"1": "Pellets",
		"particle": "Bloodworms"
	},
	"elements": [
		{
			"name": "Base",
			"from": [6.5, 0, 6.5],
			"to": [9.5, 4.25, 9.5],
			"faces": {
				"north": {"uv": [0, 0, 3, 4.25], "texture": "#1"},
				"east": {"uv": [3, 0, 6, 4.25], "texture": "#1"},
				"south": {"uv": [0, 5, 3, 9.25], "texture": "#1"},
				"west": {"uv": [3, 5, 6, 9.25], "texture": "#1"},
				"up": {"uv": [9, 11, 6, 8], "texture": "#1"},
				"down": {"uv": [12, 8, 9, 11], "texture": "#1"}
			}
		},
		{
			"name": "Lid",
			"from": [6.25, 4.25, 6.25],
			"to": [9.75, 4.75, 9.75],
			"faces": {
				"north": {"uv": [10, 3, 13.5, 3.5], "texture": "#1"},
				"east": {"uv": [10, 4, 13.5, 4.5], "texture": "#1"},
				"south": {"uv": [10, 5, 13.5, 5.5], "texture": "#1"},
				"west": {"uv": [10, 6, 13.5, 6.5], "texture": "#1"},
				"up": {"uv": [9.5, 3.5, 6, 0], "texture": "#1"},
				"down": {"uv": [9.5, 4, 6, 7.5], "texture": "#1"}
			}
		},
		{
			"name": "LidTop",
			"from": [6.5, 4.75, 6.5],
			"to": [9.5, 5, 9.5],
			"faces": {
				"north": {"uv": [3, 10, 6, 10.25], "texture": "#1"},
				"east": {"uv": [10, 7, 13, 7.25], "texture": "#1"},
				"south": {"uv": [3, 11, 6, 11.25], "texture": "#1"},
				"west": {"uv": [6, 11, 9, 11.25], "texture": "#1"},
				"up": {"uv": [3, 13, 0, 10], "texture": "#1"},
				"down": {"uv": [13, 0, 10, 3], "texture": "#1"}
			}
		}
	],
	"display": {
		"thirdperson_righthand": {
			"translation": [0, 4, 1],
			"scale": [0.55, 0.55, 0.55]
		},
		"thirdperson_lefthand": {
			"translation": [0, 4, 1],
			"scale": [0.55, 0.55, 0.55]
		},
		"firstperson_righthand": {
			"translation": [0, 4, 1],
			"scale": [0.55, 0.55, 0.55]
		},
		"firstperson_lefthand": {
			"translation": [0, 4, 1],
			"scale": [0.55, 0.55, 0.55]
		},
		"ground": {
			"translation": [0, 4, 1],
			"scale": [0.55, 0.55, 0.55]
		},
		"gui": {
			"translation": [0.25, 10.75, 1],
			"scale": [1.95, 1.95, 1.95]
		},
		"head": {
			"translation": [0, 10.5, 1],
			"scale": [0.55, 0.55, 0.55]
		},
		"fixed": {
			"translation": [0, 6.5, 1]
		}
	},
	"groups": [
		{
			"name": "Container",
			"origin": [0, 0, 0],
			"color": 0,
			"children": [0, 1, 2]
		}
	]
}